,beta init,beta fit,alpha init,alpha fit,lambda init,lambda fit,w low stakes low arm init,w low stakes low arm fit,w high stakes low arm init,w high stakes low arm fit,w low stakes high arm init,w low stakes high arm fit,w high stakes high arm init,w high stakes high arm fit,stickiness init,stickiness fit,resp stickiness init,resp stickiness fit,eta init,eta fit,kappa init,kappa fit,subid,LL
0,16.842484297042713,0.8936751718544003,0.3806078179074582,0.6510127924579554,0.4927923663577221,0.5164174541903361,0.9399759846472384,0.6873856054964405,0.8378235149955229,0.4999985310557136,0.0941958999648538,0.5000010589028305,0.7324542733869128,0.4999975622992085,-1.4949770582848956,0.7189103348285288,-10.432763769269148,0.022794363576189983,0.3783212041624415,0.5596629896475601,0.4421717982198087,0.5226177304250021,1333,154.98220860397174
1,12.151353400755847,3.2129103122691425,0.03410117871613248,0.8603748153543597,0.14722023378183982,0.5097821916327347,0.2320121607480128,0.9381766005544568,0.6435387757191846,0.5000192069050191,0.16721977169535404,0.49998309776171507,0.11513988945988045,0.4999857804989121,-19.17209688490393,-0.02549438951520928,-9.810530181546584,-0.004903608740438413,0.7250718607858414,0.22477879545706836,0.7567405167911867,0.451097470071703,2225,135.6139164718887
2,3.2373724871699414,2.645915227165601,0.8833352918512037,0.8768439160728021,0.16154975661869692,0.643408487637307,0.8929850306038715,0.8069462393589159,0.06290660546232682,0.5000065310571654,0.35768510453431657,0.500008003528014,0.451895128529044,0.5000074370848611,-16.097345288071814,0.032536146951790836,3.3212613880043875,-0.09768096012349732,0.2182519352039946,0.5431805813796101,0.3490275933264066,0.522798358939671,4192,137.77131191475402
3,9.198984860492901,3.674297313603628,0.8890674350883282,0.9265928595627932,0.1711771804462876,0.5204859305270879,0.05979477449295027,0.8888858972941182,0.7716155969301745,0.4999551961383905,0.21973551181195405,0.5000447953526178,0.13043892731913795,0.5000415160887768,-0.8410365868802359,-0.013344100288706905,9.54293557603978,0.018317781797619958,0.38249842241154497,0.18306032763950467,0.41603679802849947,0.4556265308224717,4281,118.20764448699181
4,5.794317366955299,2.599314452293968,0.6813006164700564,0.7340697739666077,0.5743421125905176,0.478395624639508,0.5099283371605893,0.8759527581204328,0.5603692790257614,0.5000225627561814,0.18999607314033554,0.4999906922292704,0.9565319172052568,0.5000019253450315,-12.602704442620773,0.0986997820663226,4.0248610256663895,-0.0410435584318385,0.9809714167633504,0.6169771489121365,0.17317205098521887,0.571621803576805,2099,140.08881622430576
5,4.6721179067609615,1.2487140041946192,0.8401986987332276,0.6754285580784499,0.7177491147091787,0.5306133466694432,0.5566905555402615,0.7818159651170401,0.766331331624133,0.4999999605032335,0.7446711671136601,0.4999990554183128,0.031071755916128724,0.5000001242402285,-1.0123879313510002,0.23762642684255844,-17.134886243916938,-0.4646969567061075,0.3252937507368207,0.5418719222583274,0.010845510681870035,0.5159918840876166,3311,152.65827006701926
6,3.1297750427781423,0.5709948292438805,0.6089644469802207,0.5737475436028279,0.01998199839081851,0.6129228551570881,0.5827530669020202,0.478783831505256,0.8147656521268559,0.4999999971485671,0.4091218822944061,0.4999990099273338,0.8631680571919662,0.49999957569205106,6.310364373459429,0.6772473958515166,18.597610615316558,0.14656581703212845,0.6262928239655895,0.4738004872018862,0.2626157667613943,0.4935312469532346,1952,145.56707806597618
7,15.558385721150684,2.2255071790079746,0.9823096851365734,0.937634004252186,0.15825602061886307,0.5621600687029316,0.15884195135596552,0.8850923900473108,0.9798712955854916,0.5000576067359178,0.477614395494775,0.5000327575877782,0.8689587739996145,0.5000438514798315,15.039976315515174,0.009253956150596092,-3.5696498987538874,-0.009637960472174512,0.0156630031804579,0.6431811463822716,0.3741928208409716,0.5554890852769976,4438,152.41944565133699
8,14.170947843857766,0.9096660309356984,0.8077828391832375,0.6043117312328529,0.3794667224903871,0.4231924447456788,0.3582272148800925,0.505569022632264,0.5804740624384481,0.4999995253532742,0.8760300549651037,0.4999987722444086,0.6884122912445395,0.5000025334157016,16.085140499447242,0.5234967140505318,14.214218893248033,0.007143370877711745,0.4601273639732514,0.5110048498168994,0.6570043785738929,0.5021649821687856,4277,149.2473572594751
9,2.3718600710853597,1.5467809508048576,0.8215196070348173,0.8695369978651517,0.2946763453705169,0.5700630157164897,0.6778683079927539,0.7727090820534235,0.2504159866155114,0.5000034896190656,0.4885408187149223,0.5000005731358981,0.9445560166234536,0.5000049739796635,-1.3390546249115012,0.4537855206057441,11.383346177591376,-0.06740665713322253,0.9264952524731274,0.5262998023241827,0.7944970705368888,0.5033600820236949,1846,144.30869567100737
10,6.678669660748607,2.5128051991077567,0.3999133489364032,0.9107541695103426,0.7689683349257478,0.5363914000940756,0.5235078696460461,0.9213177276468608,0.02370698387471059,0.4999862670871358,0.5973882941353225,0.5000041023916276,0.6402900171241219,0.5000159441254866,-14.819429160785301,-0.01757706647432198,-10.293080829288948,0.03249984185790618,0.8491917950386287,0.2150295188049454,0.11645274412001,0.4555638484034687,811,143.6804822662221
11,8.278179087405857,1.3967227795526465,0.09996255705041937,0.7562182540141904,0.6113388212434222,0.4573549426073929,0.8322764652165053,0.8604249356331896,0.962769875447854,0.5000000655705108,0.9913914580699866,0.5000022282573898,0.4389753365089458,0.5000138299767808,4.931867252411951,-0.1819599138144849,1.623378526269356,-0.5341193958714744,0.22188886186410056,0.4598066882645378,0.9858653618928512,0.4918843060398657,4355,149.54359210723445
12,0.6182335007786007,1.9265705888074183,0.7648523200916733,0.7769110118846988,0.2562925109095873,0.4088553403607149,0.7220536236072778,0.3944328552649625,0.1839676030708065,0.5000037275690321,0.9592596922356704,0.4999933264231273,0.7775747010894559,0.499992937522369,-11.695517830696582,0.12332625295733267,0.6389444798533361,-0.028450185514892368,0.6564933285268824,0.4234932048832085,0.8432622942379109,0.4927759729893365,4130,156.63895292189233
13,10.438621813950432,1.894379077495161,0.5115919576681872,0.8545091370733535,0.1361360956718941,0.6290755013976992,0.05210743081256037,0.797833282129155,0.9947414706446238,0.5000143599066547,0.3508467476669828,0.4999828002181433,0.038950479797396194,0.4999918637120189,-0.5907017094585711,0.1743490919634623,18.825507937321557,-0.0725547931467287,0.3232024579730979,0.5180392408558899,0.4994111895359647,0.5105545448681774,2923,144.03472281985358
14,8.51493644822781,3.594482644603608,0.6091036783169912,0.9404091020526228,0.6411032477168415,0.4803109806496293,0.2839641476183279,0.9508687935783888,0.5649668660262916,0.4999974248158154,0.7599105383287581,0.5000003897657881,0.6809177660595364,0.5000010562326214,-13.894243358305758,0.0874462293948212,12.642494584813605,-0.041307535772085374,0.10673290491643248,0.4616815876610158,0.32727134620967196,0.504177135987528,4279,125.58029188449068
15,14.290362944742654,0.5005198383915499,0.9101866804416878,0.6288111050449358,0.4469926418163199,0.5504761762936381,0.6234017479864192,0.516808769979306,0.23047991144017935,0.5000022877345844,0.05748504137919355,0.4999988324218443,0.4164663439682501,0.5000048678562546,12.381985300176687,0.05370823377632675,-13.456244451785851,-0.7485844998960727,0.06545481123305948,0.4886228272686684,0.6269054138592011,0.4952945350650081,2815,165.21296101802906
16,0.5738649276067883,0.9320150134364988,0.1425797957900591,0.3566652682137642,0.6659871036127242,0.5644451617455487,0.568498246722569,0.4186881325481861,0.12492527277648376,0.499999435516943,0.2953841041121445,0.50000014201655,0.7081080989700366,0.4999999683514197,-15.897774031662236,-0.15984941444485148,7.5288855190398385,-1.7836806320965275,0.2606892416824035,0.4841679668828619,0.3271259449438249,0.4961731242831559,1177,108.06761095578676
17,10.918375123898914,1.0818770073924862,0.4214802818823284,0.8793881924663187,0.9245787029546522,0.6045998012431111,0.8214131319583313,0.7278584276612293,0.4955795037463316,0.5000001252295047,0.015993447363158494,0.4999959325457264,0.5238869396711768,0.4999997695363874,10.716933275835572,0.3475292073636768,11.555581486470174,0.12859375025483566,0.9260077552213984,0.4242311257808117,0.4214378478611919,0.4855818301534714,4071,154.77355614695568
18,16.205932551586674,0.9549275400394458,0.7816557161610168,0.44223970785842587,0.7489460678074982,0.43816870012915465,0.8501551418156437,0.2500912114750949,0.4903478308137317,0.4999988730365909,0.1098852201074859,0.5000104903163666,0.6096346873560863,0.5000050391913065,-5.0618840360360755,-0.1261343841962313,16.513998429559706,-1.6068527360390619,0.5638900749180922,0.5008109339166592,0.4835963636302058,0.4991770036545039,3831,111.5682490096092
19,12.424589971257912,2.8934669214679545,0.03064041715154898,0.8370838268468137,0.8850466433843366,0.4392030311245061,0.8889761226837142,0.8010473067895173,0.9511532510182632,0.5000201041060867,0.7835370374655105,0.4999840878312342,0.8060011334820228,0.4999935467655357,12.578401269674453,-0.004734366517222826,-9.837295317536515,-0.07118948522985144,0.29396524244557315,0.16135636865852065,0.1654554333787096,0.4372507494545188,4398,150.8821695193777
20,2.922285722279052,1.6313265857335653,0.7267209164234839,0.8762644035520055,0.4907133542653837,0.4782476762302084,0.8085804584824924,0.8861900634933851,0.9833368588241704,0.5000024258098853,0.5311668891898621,0.4999910447419095,0.7820311286762941,0.5000031336899451,-5.613246611159557,-0.17114698883441545,16.764226929462268,-0.12134889411986224,0.6977965362840977,0.3003246271470498,0.30531514616816696,0.4589893496651528,4353,159.28656152199497
21,5.278202592986607,2.4880268330209594,0.5847155636900165,0.9470978670728121,0.7166052731958628,0.4819838920318469,0.8063109049959762,0.9460346215635496,0.926095133324228,0.4999860019083082,0.6196053205000001,0.5000303280038371,0.5060203530316493,0.5000033827342345,-5.7903217002825125,-0.08197865625083757,12.816787687944398,-0.12285846822859643,0.4087757455731688,0.4238623995811928,0.7316761193653161,0.4879017422606883,4222,142.86037463499915
22,8.048787290504338,0.6938944201677117,0.632624819368475,0.2510651296650554,0.09874294154310273,0.5566321522978196,0.5576845061168498,0.41654408626315176,0.1570855883328166,0.5000024981072543,0.8960597960619692,0.4999989469507274,0.6882521235616357,0.5000061627546473,-18.75224292568666,0.4902194168003733,16.301649128460678,-1.1158151966777097,0.9707423667943216,0.5214059501045697,0.7329737833040653,0.5073216805852936,4089,151.28201648832882
23,15.526214404738116,2.7143894418362344,0.7989694250178472,0.8871017077327461,0.4391065553950963,0.4053842426455416,0.7359958349901371,0.7511840097613829,0.9818566629503888,0.5000010182960787,0.06367614314125937,0.5000031798850039,0.1911372342144028,0.4999917479239676,-15.733197053726466,0.08272253850289926,-14.123981480454129,-0.1378939603122772,0.23794723261815076,0.5876962687945774,0.05946708461079999,0.5415320472226619,3280,141.0549473886779
24,3.9787765897828353,0.5467436996084793,0.26651081740750043,0.6302156782342778,0.06078235925308916,0.5706617406971052,0.9142583843495756,0.5517538437640864,0.0804449205088101,0.5000007394690887,0.4052855785525672,0.5000004533773654,0.5411301690152996,0.5000004722700596,15.167421466351485,0.5956538496381278,5.8666878981850665,-1.0015989937157126,0.6100123312757249,0.5158782703286189,0.965040161904394,0.5069620014792035,4459,151.92189738566287
26,13.487203155621406,2.9446685499897103,0.21343171951800785,0.9345513642311836,0.2746439658257934,0.5123993931604242,0.3560272253646464,0.9426711983138046,0.007889669266448705,0.4999837287461686,0.8866136659784462,0.5000297339732841,0.9674305400671124,0.5000224903760949,-0.3039672297030869,-0.03503027354910812,2.926758348780428,-0.057064656329737826,0.024058845177804437,0.16327993062141893,0.2676319727662825,0.4348611043850144,1526,148.2879590374536
27,5.764280452292027,3.4086540514902146,0.9271633543078052,0.7271722957036181,0.7333644915711433,0.482827575726136,0.007078836300331174,0.9219702923431938,0.6811725989631454,0.4999879744617049,0.6793043132227629,0.4999879056325264,0.01638187925012229,0.4999893684435888,19.457029743512408,0.0979883234055772,-1.101010441018868,-0.11131369508259996,0.5344492407817335,0.1593677741020983,0.11531084408142267,0.4500164371103281,4440,114.5487428717504
28,8.290590678820982,1.2114589696318436,0.13892381536110612,0.8091279066515095,0.5212656051770737,0.66275022918191,0.31171202428579925,0.8032887159793662,0.09587347681644626,0.4999903525819418,0.9518459884581524,0.5000141299848433,0.5563881149563202,0.4999689003040613,-0.643977222036952,0.3708553719679332,7.258703045689128,-0.2901554509245642,0.2460328407947405,0.5888040599514621,0.7356850376247559,0.5327660352543392,4433,151.00063885056008
29,3.5352125973490542,2.062095556952296,0.2714356380632358,0.8844195516054867,0.5057609144846648,0.8593611119284296,0.7247662889897112,0.6005897351411571,0.8568296876198266,0.4999766903801231,0.3680689999014094,0.5000017170238314,0.4758985000933578,0.4999876162080954,-6.945215252484402,0.05301188685439096,13.065113225866881,-0.03503846769917901,0.8582737170723769,0.4577735886525264,0.6578945557473216,0.4946263431919932,3591,158.56159566728385
30,6.805298807407851,0.9262547415963028,0.7163303952188461,0.19108880371009584,0.7327537596639412,0.5001169875135726,0.8666547460395968,0.2937864863003713,0.4836999068503928,0.5000005605704217,0.8931359970561312,0.4999975799011258,0.3193640971242527,0.4999957790663585,-11.799201468594449,-0.3791742662844186,-4.638139176890231,-1.8704627916338064,0.01988366878552575,0.4925923122040973,0.965568448901956,0.4975986370855946,3827,89.75290114515636
31,13.174444199849825,3.2100925743273634,0.09022763814507116,0.914652368657048,0.5528399511196583,0.4955667564902524,0.3925695786441994,0.9392597017439676,0.7604928041701596,0.5000099837158147,0.05317881855027348,0.5000035617073173,0.06590492638623564,0.5000024885105425,2.3481262845791875,0.08478697063543157,15.844960014085558,0.07336593718285034,0.6750828848534446,0.20740074036732556,0.5541636893950289,0.4630101035722349,1988,127.18920503445158
32,13.761917136375883,1.2178444176677612,0.8262298166913934,0.6186411361605699,0.6146416944365594,0.4056792431654814,0.4205085656089135,0.4834294116308952,0.8836531056406197,0.5000015963353406,0.07298935333777434,0.5000063866274119,0.5688631580398945,0.5000011846807172,-5.593057402420456,0.03832614531663248,-8.094514644196904,-0.7322042331373325,0.5754208342797363,0.4925072068823246,0.4567998474093287,0.5013397455248663,3836,142.8817672519863
33,0.6223634644158911,0.5049593121695483,0.09039098734982952,0.6800824730220146,0.06315324793907068,0.6316779150448101,0.17468396361865166,0.3671027746096755,0.6720092834033381,0.4999997471280052,0.7290547108826895,0.5000036094420341,0.3547396640393169,0.5000025141253289,-16.90804045027891,0.3541579250328717,-6.687617212945675,0.18060185205217544,0.6506797284260171,0.5095831852594194,0.716635783848519,0.5039945789480776,454,168.3811952431374
34,13.125662164904243,0.8511045449333535,0.374937202645187,0.7027848765839865,0.062443316609472235,0.6188965014991132,0.11298161357704885,0.3817773018133915,0.27188913557362776,0.4999990905458693,0.4110749707249261,0.4999977353853517,0.17581370060392507,0.4999997091741432,8.356726151918735,-0.08235058143596435,6.6994587036951865,-0.4967477798821243,0.3459568185843058,0.5294781280972685,0.4722934766598045,0.5100012017407555,4461,151.79500164367425
35,3.395360563940673,1.1261155306023491,0.1624512364124936,0.4564881621809959,0.9799036536205236,0.5150845600967354,0.6334405525695381,0.7634567138111967,0.8505554988544259,0.4999994687054341,0.7729725098895369,0.4999999617152575,0.7311047053392854,0.4999998288036057,8.490342787328089,-0.00706797151411816,1.8840240235112944,-1.186958634421276,0.7664500532734213,0.4739895190033331,0.30855259724034856,0.4978963217077938,3652,119.84014227296038
36,1.4346432541150322,3.468888481748067,0.1390288589315598,0.944333005798376,0.3796560191500187,0.5307244456204365,0.806308304986535,0.9565305057367196,0.4796321136903448,0.499996814197079,0.9417532695551568,0.5000103053108987,0.24772647072745366,0.5000118898856939,-0.1928732661678332,-0.058823529250717176,3.2699339874175597,-0.014226269575157609,0.6537482701288295,0.2888614071265923,0.939861308889086,0.47314315653543604,2370,135.60475160370115
37,3.154162751585384,0.7407476599350886,0.6016787874963929,0.5711828979345572,0.30389239373566096,0.5392679259918186,0.25609101270763435,0.4566100013705003,0.16194489064041362,0.4999999661590256,0.5042955442359978,0.5000000124358035,0.7362155046131998,0.5000000302165919,-8.293111169014479,0.07741523005400541,1.998694138121984,1.1297312289096388,0.0608225732092048,0.5072255853270736,0.4022808771380597,0.5019326069358,4213,127.14741807570043
38,6.646895253913588,0.869310815118772,0.8025510030751436,0.5396679920601574,0.4312591352023625,0.5539224069172872,0.176299367930345,0.5602993106269137,0.6957381829230601,0.4999956161185149,0.13585727833102576,0.5000043073305248,0.1998607321570067,0.5000042733830017,12.230590610558572,0.01974214784607249,-19.69696708286199,-0.9954841128244728,0.06125197196445959,0.5396306093461165,0.7448386130503687,0.5115549222399027,2726,139.99459356731782
39,18.33617291879167,1.4818149336737592,0.6267845441186961,0.8200031949651037,0.2783440266663433,0.5622224676276164,0.08017699488953649,0.8440123745345737,0.5366237750176973,0.4999962370728794,0.6826761356296597,0.4999910243899546,0.6345528967871121,0.4999856253422612,-12.905170396604733,0.1806078715323598,17.018917486348116,-0.2716453515355988,0.5525069961045525,0.20334333661119566,0.5790049927802342,0.4424538769375204,4407,158.45733481339985
42,15.719933527608008,1.1012997356851422,0.8757546013283656,0.5815167717778232,0.7642640463626995,0.7429660279444421,0.258373788199388,0.2605822605947899,0.5836190514215136,0.4999982246928544,0.33403591771398045,0.5000010992564812,0.39614195933521457,0.5000016106851642,-1.1672196995887203,1.26886626629246,18.789594976922203,-0.20917105488411827,0.4164620434950101,0.5035346022619995,0.07723238288575868,0.502110372466248,4043,114.28264006214023
43,6.620298458606218,2.2274020101478174,0.5636562833905274,0.9396306123168944,0.6561791356348791,0.4964070729236712,0.2722056754204214,0.9134394982720876,0.365270134140221,0.4999901792170275,0.5805606850071867,0.4999965675839879,0.6986158574121666,0.5000046119873226,3.971406052718681,-0.046206152821508216,11.334850723009438,-0.05114726677859045,0.54683887335026,0.4130567799803595,0.6217101011208257,0.4775209116289701,489,150.98936139846901
44,16.139493639236015,2.1377759180396776,0.933012244983851,0.6239698577983426,0.7667734884428038,0.5761874372000986,0.4464439589184273,0.3391153601834197,0.1659007370643229,0.4999946026801467,0.17374982094785638,0.499993599085016,0.3768931602903833,0.4999697945755686,1.8675704712358223,0.12244022865282204,15.411822211945767,-0.15372851647066496,0.0187357708193002,0.3914728198200656,0.4715791556539832,0.4562107350303541,3601,151.38264374709308
45,8.375590605372247,1.2027017687282962,0.4590466482326929,0.7725033667754998,0.2544040582308179,0.5330529891889582,0.9791347086522592,0.8221127133276742,0.5062382249602361,0.5000020143163104,0.44592195512391336,0.4999856182957457,0.9210652532431528,0.500011225793693,8.973170765730261,-0.18312171382222533,-4.35271288019392,-0.248365644022266,0.2526838608841902,0.497743584663448,0.31184122762773925,0.5031284380434139,3962,160.7184202901889
46,10.771306428454523,2.4553510328582555,0.8268222779320186,0.9317119826294156,0.4293528869303405,0.5253730899319276,0.12982954250858986,0.936582945355092,0.02978408317078085,0.4999999182045332,0.9529973458152484,0.4999986751357264,0.5243995596850592,0.4999986046941359,-13.062198723310985,0.0020092891960699767,13.651705165438125,-0.10138680487032174,0.6803397646346387,0.5141240990749771,0.3638846179742505,0.5099720614431006,4086,148.92620074844163
47,10.134818582813775,0.905066847512659,0.1672306469942593,0.5553359526177538,0.3866023605938728,0.6117394461457066,0.5317933350866073,0.47666246316787503,0.5611438454342188,0.5000005408768146,0.1068881552505208,0.4999999839265071,0.16323244847355914,0.4999997791056807,1.5904598361708366,0.2747321954653062,1.4701368878406775,-0.8520978483592573,0.21122401006225572,0.5252880256447837,0.8563478553181012,0.5059660281535825,4444,152.33864046096937
48,3.3312446104913525,3.0963192998604514,0.06567524365311223,0.9615022734165652,0.29989650909375,0.5617510923165131,0.9406203680287132,0.9591904660508478,0.1120261042143057,0.4999990311750343,0.6669499195233256,0.4999981476376042,0.5770886730985076,0.5000064887655589,7.542289781095133,0.013073693844147057,-5.761778152928464,-0.05130396263808095,0.65708606480455,0.2182974380877098,0.8796650838632236,0.4538436827120479,3671,137.30580180231848
49,2.123013664332742,2.704111036040256,0.1622478289564919,0.9305999472133673,0.3461141477919525,0.5372415967565243,0.2967148775448942,0.8694427288752697,0.8116993712736561,0.4999985416881145,0.16909205279876394,0.5000017270111924,0.33142360705875656,0.499999899518149,12.452155898208506,0.049439189725100745,-14.648919895662848,-0.11674693164318276,0.4963865204813535,0.3691517216181866,0.6212205390652801,0.4746651362044733,3645,139.53714354632882
50,2.872538798820065,2.6483695902740174,0.9119265391357938,0.8771199643089501,0.8617615961757775,0.6801628044476286,0.7947000892219155,0.7782736125546701,0.6207902990432662,0.5000192349392858,0.232500657046381,0.4999978409170137,0.7373722349464359,0.4999999818373312,-2.5646104768442552,0.030549962227140962,16.969771790368014,-0.22607649469329644,0.9143443118508964,0.5950621855309222,0.8805838797061823,0.5542994876424227,2188,136.94299394370077
51,14.913270074657975,3.25692329814605,0.8940530466617889,0.9249090011249146,0.4391505200870587,0.4769352582385745,0.906232496575292,0.9556566924230064,0.8182907797541221,0.5000056285745301,0.02780733586843607,0.4999972317140899,0.22064237461581795,0.4999849185768501,-1.0239762742738492,-0.11749381742767055,16.097075494863223,-0.017333756192196518,0.8257761615339247,0.4670032622325598,0.933581597849068,0.4969521358067541,4310,131.01168326678638
52,14.37672748529464,1.5808280285642302,0.5487635010472436,0.867842311721565,0.28939871635530284,0.5919524591753396,0.6072762328078076,0.8613911956149188,0.5815215041182801,0.5000019180464996,0.4232882041932465,0.4999978856915492,0.1874403548521456,0.4999911045382711,12.267622436424766,0.04557742745902536,-5.4284330781398005,0.0958138123943474,0.7587789020198378,0.4457218629535944,0.8333330911875712,0.4929566847451583,4390,161.56669120679697
54,1.654571832816213,0.9616493787077836,0.8923391296794986,0.6455675764635127,0.6533389697231339,0.396200989798395,0.1910082568385333,0.6086523838142864,0.09311562367273116,0.4999966253180425,0.8693337328437026,0.5000032025921476,0.465113221930828,0.5000016422567685,3.478187739884511,-0.2391467748372049,-15.612363191547745,-1.5907728898140294,0.8128227523779101,0.5256420646211273,0.277224513435014,0.5117379318217908,2757,117.57325926557982
55,6.9269651165729496,1.0476115099197134,0.2942887458747773,0.5183612249385467,0.4106297180379279,0.6444979499893294,0.09103660683819956,0.4569061735745182,0.4305176226571975,0.5000000104189735,0.230660117096116,0.5000044078169906,0.006631469780350603,0.500000802532158,15.868730620307385,0.4802224389943209,-9.588995836331806,-0.2921283817988236,0.2344549939295185,0.5442928326143364,0.01760681346154924,0.5184591392109057,4470,151.05826678167978
56,14.307131823844333,0.6277909969254283,0.6136598535528964,0.4980368530527965,0.5551743481985895,0.5659218179350333,0.020868941649229592,0.5733216582618348,0.295292498014164,0.5000037556966782,0.6156428339713462,0.4999921229054561,0.7905387584087957,0.4999986916622514,-14.203152576329465,0.18063481690679528,5.661144796870673,-0.6392184459314417,0.4106793421238998,0.5710832210972698,0.7294263498990889,0.5336520853732948,4458,160.6597265576961
57,1.0616489176945847,2.1089889706723275,0.4175436359045775,0.9326435261929036,0.16276140540325984,0.5557659242076836,0.0035455773988729913,0.9121315476895486,0.2303692481334922,0.49999512634156706,0.739371979732642,0.500007811620437,0.2621373412365579,0.4999919489042003,13.375937809056124,-0.005282692735134261,1.968018465357101,-0.04279841462440705,0.8777919230773275,0.5180934529047658,0.728845587956436,0.5296585842464432,2912,151.2611522921216
58,12.810716272728332,1.8913336558367129,0.1735404762422002,0.8548424485037113,0.2504733021178451,0.537987138088842,0.3979218345563975,0.8443141534722338,0.6265777133603834,0.5000017399187163,0.2252746306055845,0.4999968483132682,0.08508757343632578,0.4999964948981609,-13.014218685880392,0.045678174580836436,-15.844199799633627,0.009149551022676823,0.7932304431809164,0.5148139341586307,0.7792218094126261,0.4938095501558782,3688,160.83289186023148
59,11.038780108426002,0.5221951665449529,0.5089474039135679,0.49105323540129,0.16925831211742634,0.5380444965902537,0.06706191976931078,0.40252538855938397,0.038492990426009815,0.500000167356777,0.3674845883569488,0.5000011989473127,0.1884302092334341,0.5000009711895825,7.926352650983585,0.12878013530964613,-6.37652989580392,-0.8169207122191198,0.2616526057483079,0.5014273110955579,0.2606400001910289,0.4991210720724693,4460,164.83358662262899
60,1.3997760786243314,0.5874530173196213,0.7570010391228481,0.2787482018922518,0.12995147384409506,0.5020481950805069,0.007166531669868394,0.4348340178590701,0.3191924475127813,0.5000004003180276,0.6977237134700931,0.4999995289347466,0.5913759838390171,0.4999990767677222,6.16692249948134,-0.3533504877184913,-19.176828497858878,-1.5927750500592783,0.8263786268527125,0.4822411642285223,0.9828537233974448,0.495773825515735,3506,133.15170646762166
61,3.7711757831052175,3.446547150614496,0.5141039429698423,0.9540782626482064,0.5531499205993989,0.524422681502795,0.3529672122234067,0.9720724127092364,0.7060374953886819,0.5000229161221109,0.6191585786714604,0.4999863698676034,0.6856490355778386,0.5000070633699795,-3.729068448370803,0.09116824679364532,4.542402272071747,-0.07942543767821905,0.2617380803426836,0.6458240419330843,0.27318001106631745,0.5927985778205563,1940,124.80083445483584
62,6.934169021111662,0.3581745445866359,0.5763890392112538,0.4622490274706462,0.1710487070974183,0.4648165173458949,0.8657683808548552,0.4143442477998844,0.7641030243207712,0.5000000645467759,0.3637387014634335,0.4999998594012756,0.8145654317709291,0.500000045800005,-4.915829871865205,0.1720485589091244,-9.241900133658493,0.18476357747506567,0.1350885284575452,0.4985487129011713,0.8031702553159471,0.499648744139789,1876,145.12768474224578
63,11.783036307908798,2.039731775088593,0.8109066482885231,0.8695650278540885,0.5050067215754717,0.5811976778966171,0.4255888987280948,0.8183309318088571,0.5649174919970436,0.5000115138799444,0.7211029904880037,0.5000181012573401,0.8516269555245394,0.49999835190841996,9.740413682810386,-0.043605084394188434,-4.248188560418168,-0.0905162957097666,0.9400216804383652,0.6342179457695979,0.29200045765754723,0.5578296681344316,4417,154.90147251560626
64,9.527461293023828,0.5700774701743122,0.5942905801906299,0.4603868301504957,0.5599325439485364,0.5866356001970391,0.7032637763888527,0.3242257402781067,0.03476253364121363,0.4999981710325834,0.5657125006091228,0.4999991482834525,0.5469165156389058,0.4999994115285592,-11.497992073571432,-0.036327732543112695,5.150528612076244,-1.4469045371163811,0.9605314930700584,0.5012744302834861,0.6201679716087336,0.5002187038345495,4204,138.95715125980192
65,17.211055766245728,3.1207557613938737,0.021747059629876955,0.9393115188986314,0.7745231435724556,0.4679370032796024,0.008450274700034495,0.9396496824026354,0.66621416011401,0.4999877048727693,0.7324199284336168,0.4999978769202284,0.12799477354194946,0.5000026283097571,13.83021709216095,0.08794906220294299,8.393675083722997,0.00890804271037146,0.6486191536251779,0.1268313771120903,0.3485017501708174,0.4290345139108001,4019,125.32530077487543
66,8.939123449555273,0.5309667079790842,0.24278026729974106,0.598973504518002,0.4952537151178387,0.5269140828089536,0.4259913862148524,0.6659984227578213,0.5425148853703282,0.4999954612940558,0.4098800020663696,0.5000072464000721,0.7596595833682311,0.5000004561764395,11.377872818283427,-0.6439106906548074,-6.836416740942567,-0.7470773315954496,0.011898307339087377,0.5133936278147445,0.15410584408947764,0.5050115437521475,4189,136.0950905539583
67,5.553083515371144,1.966632882144209,0.4483097310730229,0.8529790274535559,0.9714251062076572,0.4149523702323796,0.545568198058624,0.8475914402382777,0.13757708943528693,0.5000050768252311,0.022035351733792504,0.5000049388093514,0.5617859857901081,0.4999958884055655,-12.304770442079622,0.13917698024766126,-11.773120640006544,-0.07636594546442595,0.9469788322950896,0.14476803306998226,0.4916811743816333,0.4413613557591666,4091,152.32025093373076
68,2.957495932511583,0.5775836409853051,0.1385552938661125,0.3731372917606222,0.7631027792559258,0.4488102468441728,0.9612340859931724,0.4414979113575232,0.11474512260598245,0.5000018282845992,0.1825552335213748,0.4999999793212068,0.7561388097397941,0.5000015208071974,10.241738830602868,-0.3068421964038036,-18.169961445602606,-1.5781336858104746,0.17328946108144144,0.4630925568782192,0.0631142092044608,0.4920647119191493,326,144.07200225191949
69,9.123849848770107,0.7167529296341681,0.31124137174989897,0.733745531085197,0.21851213673725506,0.5821843739955458,0.4594524937880417,0.5718524715708111,0.10543781453271003,0.5000013015733983,0.4049942939693852,0.5000007836581177,0.5896360751421841,0.4999991121209656,7.86374867009544,0.1153528770253489,0.6643385587231485,-0.41135571473789057,0.1939151748814556,0.5282031896643746,0.5852333095327478,0.5098811972027397,4445,158.29832523151185
70,2.6530790351993208,0.5439058316000053,0.9596623000596936,0.4991962449275995,0.4534219980876178,0.5586044870851601,0.7801452839325275,0.408615957433919,0.07364658549045779,0.5000016276392084,0.5634181890084987,0.4999996016578961,0.5047454767202121,0.5000001173249675,1.7534705235820702,0.18540420031209856,6.775407696277328,-0.6439924158197271,0.8825119952168115,0.5377776020662564,0.6861084647066089,0.514760003817938,606,164.1680015979645
71,16.819464496340114,0.7200473653523164,0.36429351898948265,0.4644814196307424,0.42105772113755024,0.4641402742055621,0.4955928268079466,0.5667670509455545,0.6000029979426845,0.4999949725620297,0.7015358089020229,0.49999574886722,0.7089825950824117,0.4999957829909618,10.264009469681467,0.18606450046212927,13.618959135797324,-1.3764885930264668,0.6935576843449676,0.4793983562402246,0.642605824782034,0.49429684842702704,2189,136.5181061699067
72,14.248269318342608,3.212669890385569,0.7711113323921813,0.8915755238069099,0.15788227701442234,0.5455471992805795,0.8566998399763242,0.9329726791094156,0.9019714307211694,0.5000013183643756,0.5923624289997166,0.499981628233985,0.5331796187198898,0.4999908759331053,-6.093363958503213,0.030725306782736238,-17.416352185897573,0.019956251548222125,0.9458151582207792,0.14144222800277834,0.16527382754981704,0.43030569308053696,2962,142.85651952840325
73,11.044876930905607,0.8115009792484694,0.968555708820452,0.6100978307099293,0.2765332890012556,0.4981248642837065,0.2918410478119801,0.6952996824906265,0.7844704539161443,0.4999999465819667,0.8538073693129724,0.5000001022849828,0.3489097535540889,0.500000791737825,7.698088101723705,0.11012465824069267,2.624003891329892,-1.568428311184782,0.017106106060448482,0.5369697815617981,0.9429101828614376,0.5106696695404502,3855,128.75468106368888
74,2.0318697422252936,0.2985526569589657,0.1772533738715998,0.4939877439449031,0.26549562856551945,0.5723621877220696,0.16927744659378471,0.3194106685587566,0.7526340540163663,0.5000004466996254,0.34715125777942424,0.5000000953426378,0.4268147411157293,0.5000004255409423,-6.689983079662159,0.39356657041749105,-6.9010750110800245,0.4466010311712377,0.08802314603211141,0.4877648648708554,0.19517382136558328,0.4959636015079496,2905,170.0774101920554
75,9.686717785771833,0.7545519176339729,0.17374269667363468,0.5254207203112061,0.6242848488123421,0.5522427588112889,0.9633532770211696,0.4148662356784586,0.4079114405617765,0.5000004265374511,0.5730736469239451,0.49999941589262004,0.9895118494627948,0.5000006599943987,19.711041521962713,0.5390833584655419,5.801068374576242,0.08268547896444367,0.10664296866060577,0.5116582264886986,0.020787798746772557,0.5038268531124763,4344,153.66621952179662
76,4.995958255724042,1.3124113869490774,0.017541088194575918,0.33499819277995696,0.8070447444602087,0.4779944360214042,0.25954846541536103,0.4381011245343647,0.4048781566469776,0.4999999971876585,0.8636694563700565,0.5000002154850279,0.08818664847316789,0.5000001021621086,2.169598721795655,0.2010019448729133,7.967813365732838,2.2743405128448217,0.8477058363254855,0.51330806119595,0.011091251536081086,0.5062347747611153,4080,44.84570243771465
77,6.1101983562628925,1.9032323311921882,0.5861839544709769,0.8786033806205532,0.22772210137080426,0.5446043225732394,0.11647149761848916,0.9394259728465562,0.7594335650356075,0.5000110931242222,0.34286501089502075,0.4999977368565835,0.5114505486865784,0.5000103093923967,17.24207145668619,-0.1494870974896828,12.140060588359034,0.03852980502901479,0.7894501896285536,0.5792768927658405,0.266915554023938,0.5161985467272006,4424,158.62850943791696
78,14.709202483612698,3.4697377839843875,0.1523135099758039,0.8814237231587637,0.773457651472082,0.5216764490021877,0.5572323508886444,0.9397450976186756,0.77808757952268,0.4999994589096511,0.5774505261956179,0.5000025611421876,0.09805302432966376,0.5000076561499788,-0.4504400273778799,-0.07031124690095082,17.864163372142112,-0.07661917065120041,0.0805198151120093,0.1963981391490884,0.4688872845574912,0.4532900979129601,4462,138.0710967750125
79,5.980180360538792,0.498357377087833,0.3162795242148459,0.5987950487644965,0.7252694933135543,0.5514873429183949,0.8746058431523863,0.5009246102470865,0.8203352298334688,0.4999979933491249,0.8537232870593625,0.4999980018414917,0.055372203738659136,0.5000016049734448,-5.201575495338503,0.07098703293163072,6.23269305244342,-0.8785356799365672,0.3879462828111324,0.5117856682221537,0.2487885405147725,0.5053904653893685,4480,167.10478433435767
81,12.996805299562526,0.7523370470687368,0.3604544936249517,0.5846965347477826,0.04571491588070223,0.5396752838510576,0.6428124611230792,0.7126491156859949,0.6631399233371627,0.4999911653769413,0.22287309411986272,0.5000050024149446,0.17921790436149268,0.5000033916314629,-11.394123510382215,0.5897358601990256,9.991869199426665,-0.9078162517076508,0.4348315509849083,0.4782736682546269,0.2499182202457521,0.4945139890240236,4416,142.4634597279654
82,4.6805793973769525,3.3228727550636643,0.010282245186008695,0.9603334521390156,0.669612013051555,0.5250717149338716,0.1555449948769005,0.9487563168143299,0.6386812237302141,0.4999881957670288,0.4112743948355338,0.5000186389697195,0.9446719154241884,0.4999942801919631,-9.609598001452287,-0.024495774473095,1.4311752220236862,-0.001905356918695836,0.7051069004378325,0.2265744713589249,0.7698886661213931,0.4470439757541438,4419,136.05384974570742
83,18.93399870312609,0.4434344839746172,0.7383330688169729,0.3189919605623115,0.0747763304173501,0.4696257009137326,0.2704854394123808,0.41430993732155935,0.5321394780998868,0.5000011745045261,0.5316313309896794,0.5000010618744714,0.5647030387609059,0.4999984474713287,-7.271559503186967,0.06951624698939704,-13.13226550378226,-1.0344184715184526,0.6512681677188148,0.4960131156335821,0.5028304986718328,0.4989699285955808,4360,162.4488406085656
85,0.24177673487603424,1.078858216700027,0.7856765853300842,0.3933044540255664,0.1951811041940205,0.5123215530139633,0.3198978389761231,0.5570042938988854,0.9221376904579998,0.4999987623841185,0.6895900856040539,0.5000000191540823,0.5892745069617974,0.5000002351391153,6.325846026199791,-0.019566848109139088,-1.5077669280330177,-2.0561349113566965,0.09387966616936276,0.4788139721519026,0.8033111467786235,0.4940423771479572,2447,66.50970224090176
86,3.3711097775176064,0.7342758653070652,0.6032630410543386,0.6335762625064242,0.3419645902702433,0.5470060407726284,0.3545217657500533,0.5468458335808006,0.8894143576031379,0.5000044001362568,0.12948676729505745,0.4999966722133681,0.2273358401764445,0.500000408124644,6.851607524429909,0.040702251562233775,-2.2175729891613263,-1.2295075395508348,0.7557142655313017,0.4538918917687762,0.3640860619455913,0.4893398505669716,4275,138.64500673620805
87,7.505677160203272,1.287532868942438,0.34633078327143313,0.9262119671118596,0.9495533817880524,0.5214138616147416,0.19394758778574464,0.9072162796556938,0.21292394618316,0.4999648959808329,0.2341523987879288,0.4999753056329928,0.42375067357584656,0.5000073430362959,-0.7176044416319058,0.011000471200886586,-1.81912203523374,-0.1429054351307812,0.4520699507155275,0.5862103132667674,0.7237926171361235,0.5372326506930533,3964,167.15883288288475
88,5.982197700394202,0.408381187117832,0.7636045875946429,0.5404062667173312,0.8321757308881317,0.486692396245592,0.8505276740016802,0.5421327732998138,0.23027643385775706,0.5000015419664622,0.07806983652766261,0.4999995992794281,0.4902366910316915,0.4999998903230008,-17.06515457596616,-0.3502247848630292,12.541530021632886,0.12433801264667092,0.2740219378430186,0.5025185834370821,0.923818819679378,0.5001008751878633,953,152.71738636216824
89,14.858843686710513,0.3383926302834973,0.5503976802306663,0.5707963604645164,0.1582092292140316,0.5178116872544863,0.5880177621224433,0.6364069959661285,0.07151179397283901,0.4999996752506306,0.04122563315549742,0.4999997876806392,0.5251133839961825,0.5000008544910698,-19.322129526632672,0.6588291981649307,10.029338411041872,-0.3320445205425821,0.5520307141621054,0.507957007921503,0.6965050081159343,0.5062169255566867,4486,172.7356476696142
90,9.674273745978487,1.5997584060227177,0.33810801622252834,0.9004595271588022,0.17602970139956456,0.7275016827910906,0.07316739870712688,0.4816362465730242,0.9721048072106494,0.500006285454124,0.1791899629835985,0.5000001183404087,0.9771473177002012,0.5000069551144772,-14.623648740813898,0.03498123095728861,17.725691335312103,0.0782626317340134,0.34658360437796176,0.6634625590681489,0.21993498770873526,0.5626015937723444,4147,163.763007185352
92,16.304203706821912,1.3321306875268777,0.13838561411403846,0.6844395965603246,0.9724501527996032,0.4038179873212186,0.008083429832071606,0.17075326037044986,0.8199257231526896,0.5000017180535897,0.7985600823750628,0.5000019053862594,0.7167423537852149,0.5000027049857827,-2.424734240518561,0.34167778624064504,7.013004467945508,-0.8395999458840315,0.3483830967633621,0.521868936377111,0.8380149978967704,0.5117823055223713,4452,130.08652253003422
94,4.180052634961506,0.8782811849041747,0.16923736916491336,0.74013177968319,0.11249922322004094,0.4358277075474352,0.9661786044555633,0.4359665534746308,0.03839299351612185,0.5000035257408829,0.30800883930191114,0.4999993686958264,0.18402471471016105,0.5000020811144382,6.0260404776992935,0.21438901613854602,-19.050920623630393,-0.7592101207589117,0.4992522386905751,0.5538724933327862,0.1928736834899112,0.5251945386802467,2306,151.79434870560112
95,17.771401631517392,0.5958889096083007,0.6533459489217757,0.4555958681708685,0.9872910605112704,0.4514753225674255,0.7232829090937197,0.5746860515394927,0.06528855193818378,0.5000009313964349,0.4706436805954575,0.5000000171277313,0.4524090524724039,0.5000003657249359,-9.180396759879596,0.11203880774534436,4.848503177292205,-1.237150362155372,0.9628201489814786,0.5089406268190401,0.06639460247364888,0.4986018133101484,3631,152.21951879027216
96,14.864236443581973,0.9119099246467668,0.9834625466035396,0.6987816219786,0.5472005558123104,0.4392155860581813,0.5980975554470641,0.6149330983094903,0.07303441345560377,0.4999986656807224,0.6327624323385209,0.4999966068009389,0.8003090661038549,0.4999999555884014,-8.803465931974856,0.25968766364028817,-12.492562839375253,-0.5876939652605012,0.16491509977759866,0.5266909411403035,0.6268874087105036,0.5071692802226149,4150,153.82853054428654
97,5.22657544987337,0.8965605786570019,0.4005558473308724,0.275628967607965,0.22757167997893296,0.6414142235850117,0.28080640818512953,0.16387089883834538,0.4286383065602247,0.5000008980991181,0.8610188481105371,0.499999717109011,0.1480538196639052,0.5000019822109614,5.003603670438885,0.24789826298936085,-4.864781029344547,-0.1222830068938024,0.7871210159988838,0.4919869353296407,0.4358716050145791,0.4987966803542232,4165,166.9082751364124
99,17.200109814786973,1.153498061797251,0.26829034461323426,0.6550342729890103,0.9917471772396346,0.485377821427082,0.4204788088070507,0.7201674553836166,0.07541210618095581,0.49999557866396205,0.885374000617621,0.5000044645008911,0.10777833473186016,0.4999955486790907,-5.351681356984437,0.2581831252749775,-19.622644005874182,-0.19212563736170565,0.7217396641425962,0.578456527863474,0.6532122075891177,0.5422779999434623,4476,161.3299409497408
100,3.7912195000954902,2.5536385708050693,0.7591725161154271,0.7955836634856506,0.5177208616895841,0.5591277725996106,0.5670271876167884,0.9270883913073424,0.973280987786588,0.4999733080937837,0.8526765145756431,0.4999959005330717,0.40944972877059294,0.5000482570872725,15.471018561181625,-0.045863623367391575,10.558183461410671,-0.018328847146574512,0.4886551236088825,0.6342452282560834,0.4755986818016431,0.5601229698589095,336,154.767085745861
101,2.3644961286635264,1.840790328830033,0.2643904581796329,0.9059684942466618,0.5195803943127775,0.4176650042715226,0.5637612257207283,0.8739246226824409,0.572468480441515,0.4999919760249458,0.4189344134138352,0.5000167885137766,0.5656088148782397,0.4999946837465504,1.720631766219913,-0.09436513186313583,-1.9109023983532865,-0.0376949662907531,0.4463392131326713,0.14188565478337173,0.7139724411924917,0.4284106960164209,4256,163.7094906926086
